Series Name,Series Code,Country Name,Country Code,1990 [YR1990],2000 [YR2000],2011 [YR2011],2012 [YR2012],2013 [YR2013],2014 [YR2014],2015 [YR2015],2016 [YR2016],2017 [YR2017],2018 [YR2018],2019 [YR2019],2020 [YR2020]
GDP growth (annual %),NY.GDP.MKTP.KD.ZG,Afghanistan,AFG,..,..,0.426354784529209,12.7522870887171,5.60074465808154,2.72454336394854,1.45131466009755,2.26031420130452,2.64700320195786,1.18922812838034,3.911603419423,-1.9347782488959
GDP growth (annual %),NY.GDP.MKTP.KD.ZG,Albania,ALB,-9.57564016948643,6.95003613422918,2.54532184477017,1.41752599216287,1.00198715014967,1.77448678495493,2.21875223166761,3.31480475341897,3.80219748796804,4.07130129479023,2.17369228814495,-3.31123944391327
GDP growth (annual %),NY.GDP.MKTP.KD.ZG,Algeria,DZA,0.800000579981685,3.79999999969765,2.89999999946306,3.40000000029599,2.8,3.80000000016804,3.69999999958893,3.20000000006691,1.29999999991843,1.20000000049063,0.799999999582639,-5.48099193515836
GDP growth (annual %),NY.GDP.MKTP.KD.ZG,American Samoa,ASM,..,..,0,-4.33482810164425,-2.5,1.76282051282051,3.14960629921259,-1.67938931297709,-6.98757763975155,3.33889816360602,-1.45395799676898,..
GDP growth (annual %),NY.GDP.MKTP.KD.ZG,Andorra,AND,3.78138758962959,3.52836236122388,-0.00806975341139093,-4.97444371853503,-3.54759651549344,2.50446552114518,1.43414039522716,3.70967806978986,0.346071889630295,1.58876549046354,2.01554763848308,-11.9560584192697
GDP growth (annual %),NY.GDP.MKTP.KD.ZG,Angola,AGO,-3.45009868360484,3.05462423430785,3.47197634454024,8.54218764265372,4.95454464636187,4.82262756838996,0.943571561325001,-2.58004964404932,-0.147212941085755,-2.00362972730201,-0.624644317706895,-4.04051000025351
GDP growth (annual %),NY.GDP.MKTP.KD.ZG,Antigua and Barbuda,ATG,3.01171468574839,6.20343125361191,-1.95861262834343,3.37286620031867,-0.600876396735046,3.79572761294251,3.82529309880827,5.49778845610642,3.1445986171704,6.9504165546896,3.3511608848481,-15.9735096410208
GDP growth (annual %),NY.GDP.MKTP.KD.ZG,Argentina,ARG,-2.46721377637459,-0.78899893905691,6.00395169280579,-1.0264204544321,2.40532378079436,-2.51261532081394,2.73115982828944,-2.08032784377811,2.81850297775918,-2.56535188247548,-2.08801486066213,-9.90523485573888
GDP growth (annual %),NY.GDP.MKTP.KD.ZG,Armenia,ARM,..,5.90000000312092,4.69999999867412,7.20000000096486,3.3,3.60000000058993,3.19999999896625,0.199999999825991,7.50000000164144,5.19999999965324,7.59999999853918,-7.59999999999999
GDP growth (annual %),NY.GDP.MKTP.KD.ZG,Aruba,ABW,3.96140172676485,7.61658819396467,3.44605475040258,-1.36986301369863,4.19823232323233,0.299999999999983,5.70000087589398,2.09999958566985,1.9999991044233,..,..,..
GDP growth (annual %),NY.GDP.MKTP.KD.ZG,Australia,AUS,3.57099814702293,3.93313694470206,2.46275631162725,3.91816287094112,2.58489770154893,2.5331146653882,2.19264742646037,2.7706521973025,2.30061062359425,2.94928577160958,2.16095629535999,-0.284839297785609
GDP growth (annual %),NY.GDP.MKTP.KD.ZG,Austria,AUT,4.34564139947821,3.37572214708479,2.92279728368581,0.680445576816723,0.0255047121972183,0.661272848852605,1.01450158590511,1.98943716230463,2.39958760332166,2.58012073304926,1.41873427248989,-6.59041042539226
GDP growth (annual %),NY.GDP.MKTP.KD.ZG,Azerbaijan,AZE,..,11.0999995034959,-1.57299762108384,2.20293902267821,5.8434157623727,2.79758543403612,1.0495463680441,-3.06359845351251,0.153614646686307,1.50040170699388,2.48015159147059,-4.30998913316057
GDP growth (annual %),NY.GDP.MKTP.KD.ZG,"Bahamas, The",BHS,-1.5962490864956,4.14923404577348,0.613384158434997,3.0866868599452,-2.67897952520872,1.05431646746474,0.230478123547655,1.44403648889057,3.11561351467324,3.02599916773715,1.21787385742007,-16.2777382584104
GDP growth (annual %),NY.GDP.MKTP.KD.ZG,Bahrain,BHR,4.43799717642639,5.30007005600883,1.98351501159991,3.72810843046017,5.41683981012071,4.35039085252969,2.48537855758804,3.55812811897778,4.29094977756338,1.72097288650622,1.98971355040401,-5.81468342829542
GDP growth (annual %),NY.GDP.MKTP.KD.ZG,Bangladesh,BGD,5.62225816160702,5.2932947184604,6.46437912277771,6.5214587805942,6.0136056582172,6.0610593590396,6.55263987869203,7.11347821327269,7.28417442269364,7.86374303036237,8.15268494677524,2.37552165571601
GDP growth (annual %),NY.GDP.MKTP.KD.ZG,Barbados,BRB,-3.30759330759331,4.44718962322422,-0.673289183222963,-0.455606178464279,-1.40656396517079,-0.124547101449281,2.44870196122888,2.47869868319133,0.475110679192298,-0.580333154218167,-0.0961355529131964,-17.6053641017878
GDP growth (annual %),NY.GDP.MKTP.KD.ZG,Belarus,BLR,..,5.80000344007455,5.37870744981015,1.68713553642841,1.00347084085645,1.72638485417002,-3.82957055828379,-2.52644643552364,2.53218350023035,3.14919759374963,1.40000000000001,-0.900000000246891
GDP growth (annual %),NY.GDP.MKTP.KD.ZG,Belgium,BEL,3.13740231557445,3.71667938420875,1.69451389861332,0.739217283058679,0.459242192907709,1.57853314322614,2.04145900919961,1.26668640902095,1.62154719764955,1.78792007785043,1.78469437853346,-6.28392995127165
GDP growth (annual %),NY.GDP.MKTP.KD.ZG,Belize,BLZ,11.4433887289319,13.0195811079743,1.92086482927924,2.41638254406713,1.30069119737848,4.03712918590875,2.63368998972791,-0.0320105570477551,1.81293635130761,2.9085650724252,1.76082496025742,-14.0384211620734
GDP growth (annual %),NY.GDP.MKTP.KD.ZG,Benin,BEN,8.97613436064657,5.85771420543269,2.96375291904201,4.811223315688,7.19143372144946,6.35767909791932,1.77815106030278,3.33967342629693,5.67155546944753,6.69725946087986,6.86568733550151,3.84879240030133
GDP growth (annual %),NY.GDP.MKTP.KD.ZG,Bermuda,BMU,0.0192122958719239,9.31715641086083,-3.74274431740703,-5.30529910675297,-0.279708545423034,-3.70106759364258,0.775529699568978,-0.657206304259205,3.61141983706115,-0.432801300339307,0.45988994302148,..
GDP growth (annual %),NY.GDP.MKTP.KD.ZG,Bhutan,BTN,10.3831179114785,3.35506828474021,7.98261704055791,5.11840085800534,2.11997263298215,5.77649568013724,6.64223210535566,8.1270335383894,4.65183467529606,3.05512983672538,5.46452256035737,-6.77210161101478
GDP growth (annual %),NY.GDP.MKTP.KD.ZG,Bolivia,BOL,4.6357859096007,2.50780755336397,5.204092443086,5.12227558091757,6.79601142810841,5.46056950635136,4.85718717971413,4.26392086382113,4.19520633360395,4.22362365271844,2.21670563961031,-7.82328995009992
GDP growth (annual %),NY.GDP.MKTP.KD.ZG,Bosnia and Herzegovina,BIH,..,5.50000027550846,0.959511247241267,-0.821836474216894,2.3498566632458,1.15385109200403,3.08916415179439,3.14980691561182,3.17143487487128,3.74007109201324,2.83100260259697,-4.32734580579653
GDP growth (annual %),NY.GDP.MKTP.KD.ZG,Botswana,BWA,6.77282194932553,1.98769585438754,6.04836145468988,4.45614447059577,11.3433969713497,4.14926225520402,-1.69793542675974,4.30376744802675,2.90399773210927,4.47883655345764,3.02591005447894,-7.89305358895749
GDP growth (annual %),NY.GDP.MKTP.KD.ZG,Brazil,BRA,-3.10235594875007,4.38794944267383,3.97442540583816,1.92115031836305,3.00484630505706,0.503955740242247,-3.54576339269425,-3.27591690782192,1.32286905485741,1.78366676136979,1.41115298507022,-4.05904827267295
GDP growth (annual %),NY.GDP.MKTP.KD.ZG,British Virgin Islands,VGB,..,..,..,..,..,..,..,..,..,..,..,..
GDP growth (annual %),NY.GDP.MKTP.KD.ZG,Brunei Darussalam,BRN,1.08942053548758,2.84942185782727,3.74531835205994,0.912841670964411,-2.12602851740175,-2.50835256644561,-0.392383749502031,-2.47791771833224,1.32860255161715,0.0522377907767719,3.86910980288791,1.20300193904603
GDP growth (annual %),NY.GDP.MKTP.KD.ZG,Bulgaria,BGR,-9.11737709653309,4.78204352345534,2.35455692273156,0.356586982837044,0.325769436153124,1.88546463842944,3.98985171362301,3.82043453021177,3.50275153013627,3.09244765360886,3.694308379839,-4.15370282988493
GDP growth (annual %),NY.GDP.MKTP.KD.ZG,Burkina Faso,BFA,-0.602928480009965,1.88847388906525,6.62256261306693,6.45267237953146,5.79258484509867,4.32684561452976,3.9212287937935,5.95797670754024,6.20348941121868,6.73123560805429,5.69943493424034,2.02238469536866
GDP growth (annual %),NY.GDP.MKTP.KD.ZG,Burundi,BDI,3.49982214003701,-0.856864058424151,4.03260249625296,4.44670822214543,4.9241952612883,4.24065164368079,-3.9000030859375,-0.600020000546493,0.500009998779461,1.60993308234522,1.84247667669987,0.297577119233125
GDP growth (annual %),NY.GDP.MKTP.KD.ZG,Cabo Verde,CPV,0.692171874341213,14.2848688321225,3.96888634471986,1.08191827877127,0.802797600574223,0.611212666207877,1.00686370684559,4.70579150927118,3.70203918776542,4.53116168434889,5.66775246034304,-14.7834050101145
GDP growth (annual %),NY.GDP.MKTP.KD.ZG,Cambodia,KHM,..,9.99358032180126,7.06956994611897,7.31334550506575,7.35666514900591,7.14257110085414,7.11569455527372,6.93906060440585,6.84143149977849,7.46916920701493,7.05410693233324,-3.14103480632566
GDP growth (annual %),NY.GDP.MKTP.KD.ZG,Cameroon,CMR,-6.10569764608269,3.55337436416127,4.12927716056967,4.54326501566733,5.40426570971736,5.88405932668046,5.6514637436283,4.64848155096476,3.54908731821564,4.06248684040406,3.72071142252399,0.730339198197697
GDP growth (annual %),NY.GDP.MKTP.KD.ZG,Canada,CAN,..,4.91776274356224,3.14688137207058,1.76222254945881,2.3291225062102,2.87003607545671,0.659176863558869,1.00139441390405,3.03988022528195,2.42954754483338,1.86141537933875,-5.40279855256868
GDP growth (annual %),NY.GDP.MKTP.KD.ZG,Cayman Islands,CYM,..,..,1.16906219839106,1.22975365701149,1.27933101999021,2.65452798451271,2.8331222262961,3.23997688772937,3.18404337595337,4.19434090986198,3.81710040387819,..
GDP growth (annual %),NY.GDP.MKTP.KD.ZG,Central African Republic,CAF,-2.14752806574087,-2.48943244028874,4.19461533741989,5.05376125356918,-36.3919770983887,0.0810705153264877,4.33712103020231,4.75031684122342,4.52727821346231,3.78944359275462,3,0
GDP growth (annual %),NY.GDP.MKTP.KD.ZG,Chad,TCD,-4.17847237277677,-0.879681025444839,0.0828697984381961,8.88257607170316,5.70000136285864,6.89998504532166,2.76767568484473,-6.25552708545281,-2.98869598553931,2.37403780037786,3.24718191743429,-0.890209999072951
GDP growth (annual %),NY.GDP.MKTP.KD.ZG,Channel Islands,CHI,..,5.82664146877514,..,..,..,..,..,..,..,..,..,..
GDP growth (annual %),NY.GDP.MKTP.KD.ZG,Chile,CHL,3.33356547272084,5.32693841912359,6.11091882913644,5.31862800041414,4.04500429817163,1.76673978360205,2.30376703614562,1.71108928865995,1.18454470660996,3.713859177069,0.942005306550413,-5.77150166876176
GDP growth (annual %),NY.GDP.MKTP.KD.ZG,China,CHN,3.92025136776569,8.49009340575191,9.55083217886229,7.86373644866194,7.766150097539,7.42576365645755,7.04132887865481,6.84876220503246,6.94720079327288,6.74977383247717,5.94971423273162,2.29999999998371
GDP growth (annual %),NY.GDP.MKTP.KD.ZG,Colombia,COL,4.28199833207572,2.92486148314592,6.94789198173555,3.91263576716115,5.13399351995672,4.49903000110972,2.95590137527523,2.08738250162794,1.35936086788746,2.56432428277704,3.28111680452643,-6.8473142056573
GDP growth (annual %),NY.GDP.MKTP.KD.ZG,Comoros,COM,5.09123641339696,10.847878616072,4.09984695496956,3.2002729031888,4.49987421530828,2.10000643830286,1.11614058271805,3.3206800249451,3.81570211280726,3.43076413622954,1.98610950487452,4.91077747534176
GDP growth (annual %),NY.GDP.MKTP.KD.ZG,"Congo, Dem. Rep.",COD,-6.56831069464246,-6.91092731652101,6.8746708900163,7.08689894671942,8.48195663608755,9.47028809714084,6.91618781026786,2.39937909829007,3.72694765333267,5.82112109989339,4.38452888103882,0.773457031516656
GDP growth (annual %),NY.GDP.MKTP.KD.ZG,"Congo, Rep.",COG,1.00000356694392,7.5759803952642,2.20591936286718,9.94715314257564,-0.712434451876447,6.71667933378647,-3.55058176545468,-10.7020962590767,-4.37350099821646,-4.84600106129872,0.232123661007819,-7.94871290192242
GDP growth (annual %),NY.GDP.MKTP.KD.ZG,Costa Rica,CRI,3.55306336479569,3.86871808818643,4.40315923968009,4.882592368743,2.49476610782379,3.54210987765977,3.65208096802883,4.20432325175899,4.1576989627609,2.05620273021192,2.16795180652522,-4.53996591674169
GDP growth (annual %),NY.GDP.MKTP.KD.ZG,Cote d'Ivoire,CIV,-1.09590841115427,-2.06840005722563,-4.38725478852277,10.7065041034855,8.88942130155428,8.79407739027731,8.84285994958891,7.17920782392478,7.35963808821695,6.89028431967284,6.23170951305083,1.81644146095073
GDP growth (annual %),NY.GDP.MKTP.KD.ZG,Croatia,HRV,..,2.86174684295204,-0.198369263496232,-2.3917742692408,-0.447092176997273,-0.34145251686769,2.43188857335539,3.49813499168994,3.43921735228665,2.80760970078776,2.85892596800696,-8.36737821725714
GDP growth (annual %),NY.GDP.MKTP.KD.ZG,Cuba,CUB,-2.94856494522188,5.9147601740486,2.80230083647626,3.01490028898772,2.74760256257211,1.04757663187654,4.43814195922121,0.513761467889907,1.80905439941586,2.24848039303581,-0.217448487505479,..
GDP growth (annual %),NY.GDP.MKTP.KD.ZG,Curacao,CUW,..,..,0.612608576830695,-0.138917069202421,-0.794106769063816,-1.13883862149056,0.278694930595208,-0.986569701304816,-1.73976542028957,-2.16613107776222,-3.40000000000001,..
GDP growth (annual %),NY.GDP.MKTP.KD.ZG,Cyprus,CYP,7.40399950603849,5.96531031488554,0.401437941132741,-3.44682208589713,-6.55307825499119,-1.82930910922002,3.21856901005827,6.43805848146472,5.15477714593604,5.24074782806838,3.0757919624678,-5.10347951905253
GDP growth (annual %),NY.GDP.MKTP.KD.ZG,Czech Republic,CZE,..,4.00102863502944,1.76035962445222,-0.785004299003617,-0.0459036735515213,2.26210289708078,5.38838083815307,2.5372845203138,5.16872430413071,3.19865610131447,2.31360520151742,-5.60230376385736
GDP growth (annual %),NY.GDP.MKTP.KD.ZG,Denmark,DNK,1.4752442765041,3.74686259540198,1.33677776690328,0.226499791802965,0.933340972371226,1.61939381103033,2.34259110757047,3.24595698524399,2.82173634129026,2.17564638865319,2.8495144411967,-2.73328894458554
GDP growth (annual %),NY.GDP.MKTP.KD.ZG,Djibouti,DJI,..,..,..,..,..,7.06154324233921,7.69608557567065,6.65265037178067,5.40309984307834,8.40766266610518,7.77049725726383,0.499999999999986
GDP growth (annual %),NY.GDP.MKTP.KD.ZG,Dominica,DMA,5.41798356699523,2.3402193206939,-0.22355068823471,-1.05900024335187,-0.99994063117542,4.44794736481393,-2.69110892388451,2.55649491313986,-6.79942797028076,2.29808022998439,3.45933364941166,-16.7091602926228
GDP growth (annual %),NY.GDP.MKTP.KD.ZG,Dominican Republic,DOM,-5.45431239470214,4.6617622800146,3.13342300326755,2.71736789670562,4.87520509332271,7.05046368965911,6.9270187716221,6.65920026269582,4.66670467732366,6.98252758458058,5.05216802016253,-6.72023937283404
GDP growth (annual %),NY.GDP.MKTP.KD.ZG,Ecuador,ECU,3.67991405278418,1.0918015643576,7.86814091910996,5.641962066712,4.94651126690626,3.78886854920833,0.0988726083462694,-1.22638398463879,2.36838652633651,1.28929193290502,0.0121051028476558,-7.75012337710913
GDP growth (annual %),NY.GDP.MKTP.KD.ZG,"Egypt, Arab Rep.",EGY,5.66702915073418,6.37000383423162,1.76457194925801,2.22619979697886,2.18546605362178,2.91591187985725,4.37201907790138,4.34664345555458,4.18122099994775,5.31412103746398,5.55768388791593,3.5696694750486
GDP growth (annual %),NY.GDP.MKTP.KD.ZG,El Salvador,SLV,4.8315603853172,1.126057050299,3.81535613789634,2.81434280895783,2.23568489251214,1.71131478261026,2.39746262968903,2.54154502631063,2.25235877390546,2.4123712870185,2.63514666718191,-7.94398461326071
GDP growth (annual %),NY.GDP.MKTP.KD.ZG,Equatorial Guinea,GNQ,-1.75856408404935,18.2137799569674,6.52392362989873,8.31287184445641,-4.13319850131583,0.415066301596866,-9.11004114881537,-8.81641723219757,-5.66750295706352,-6.23655098228059,-5.97893690507988,-4.89335647440198
GDP growth (annual %),NY.GDP.MKTP.KD.ZG,Eritrea,ERI,..,-3.14198590251638,8.67980010138049,..,..,..,..,..,..,..,..,..
GDP growth (annual %),NY.GDP.MKTP.KD.ZG,Estonia,EST,..,10.1065228137321,7.42667157843853,3.11023773622918,1.34618473238244,2.98732482453686,1.84488667705067,3.18781708302028,5.49915471010711,4.35546476501582,4.99644378512059,-2.9322480563053
GDP growth (annual %),NY.GDP.MKTP.KD.ZG,Eswatini,SWZ,21.0180005361395,1.76017376022224,2.247229761068,5.39130930653025,3.86227188218196,0.9131964947738,2.20332412642091,1.1007183940177,2.0265702359378,2.37160969391897,2.24391952452849,-1.63702750696856
GDP growth (annual %),NY.GDP.MKTP.KD.ZG,Ethiopia,ETH,2.72645178301019,6.07321747957957,11.1782962271641,8.64781163337416,10.5822700482672,10.2574929610051,10.3924630202334,9.43348265784402,9.56418964295607,6.81614779681703,8.3640856990789,6.05661779202561
GDP growth (annual %),NY.GDP.MKTP.KD.ZG,Faroe Islands,FRO,..,..,..,..,..,..,..,..,..,..,..,..
GDP growth (annual %),NY.GDP.MKTP.KD.ZG,Fiji,FJI,5.80000271926605,-1.69999841605511,2.70514302901049,1.41131438177968,4.73421948956532,5.60314116065305,4.50201810843242,2.44475296721191,5.35363107429259,3.8126372191541,-0.445334699771735,-19.0487564856799
GDP growth (annual %),NY.GDP.MKTP.KD.ZG,Finland,FIN,0.670275844289762,5.7733624584817,2.54766483842627,-1.39754572817782,-0.901696316194844,-0.364908156882066,0.543659211765487,2.81145776663433,3.19240962968416,1.31183505301739,1.27284250554558,-2.7735767057801
GDP growth (annual %),NY.GDP.MKTP.KD.ZG,France,FRA,2.92393508123074,3.92366922704063,2.19270063266654,0.313134751077172,0.576326674771792,0.956183052371557,1.1129123405747,1.09546440372048,2.29141999417021,1.79286392711333,1.50859403033795,-8.11490709749263
GDP growth (annual %),NY.GDP.MKTP.KD.ZG,French Polynesia,PYF,2.20000012757878,4.0000003434361,..,..,..,..,..,..,..,..,..,..
GDP growth (annual %),NY.GDP.MKTP.KD.ZG,Gabon,GAB,5.19223727652398,-1.88296639760897,7.09175334258654,5.25107691750407,5.63869900338696,4.31496444107469,3.8788993950789,2.09144220829562,0.472642030911146,0.842950945596527,3.94494620364154,-1.32393655297315
GDP growth (annual %),NY.GDP.MKTP.KD.ZG,"Gambia, The",GMB,3.55887936867596,5.50000021632955,-8.13044422315659,5.24156924630741,2.872768790327,-1.40738249510954,4.0580738039996,1.94335965478776,4.8226112492757,7.23489033258579,6.05676574421921,0
GDP growth (annual %),NY.GDP.MKTP.KD.ZG,Georgia,GEO,-14.7882259000602,1.83834106614221,7.3999998671419,6.3690083063386,3.62130535196276,4.43192482309078,3.02220738019703,2.90643878002064,4.84260322496586,4.84291988506627,4.98235047511106,-6.15967292756974
GDP growth (annual %),NY.GDP.MKTP.KD.ZG,Germany,DEU,5.25500608278011,2.91250296366708,3.92519270463411,0.418497594217598,0.437591303144671,2.20954343134872,1.49193152760772,2.22999986782015,2.60197600462604,1.26799523225071,0.555450887945668,-4.89654544989574
GDP growth (annual %),NY.GDP.MKTP.KD.ZG,Ghana,GHA,3.3288178832204,3.70000003991547,14.0471236303189,9.29278940459713,7.31252500733117,2.85624019893966,2.12075931001404,3.37346572466515,8.12889491584062,6.20007767184218,6.50777478757239,0.414443468055197
GDP growth (annual %),NY.GDP.MKTP.KD.ZG,Gibraltar,GIB,..,..,..,..,..,..,..,..,..,..,..,..
GDP growth (annual %),NY.GDP.MKTP.KD.ZG,Greece,GRC,0,3.9197707936313,-10.1493145696649,-7.08235394216226,-2.74177207582173,0.698145275347287,-0.411901538182661,-0.489852888719341,1.28082483372279,1.55897765238106,1.85667511169028,-8.24773611483073
GDP growth (annual %),NY.GDP.MKTP.KD.ZG,Greenland,GRL,-11.7195329842899,7.10159688181619,-0.496519391959083,1.39419335955625,-1.29828069335511,4.7421356730152,-2.52931802394475,4.68195410972302,0.468546637744026,3.218027330645,..,..
GDP growth (annual %),NY.GDP.MKTP.KD.ZG,Grenada,GRD,4.01261190237577,4.88795213650562,0.764976824032317,-1.15514373468322,2.35141877347161,7.34407652185287,6.44314373327768,3.73561413158529,4.44274028787592,4.14115283820682,1.98155412195675,-11.2307582271741
GDP growth (annual %),NY.GDP.MKTP.KD.ZG,Guam,GUM,..,..,0.0776548243059523,2.13385063045585,1.69040835707501,1.79305192379529,0.825688073394488,0.18198362147406,0.890099909173486,-0.900252070579768,1.98037790697674,..
GDP growth (annual %),NY.GDP.MKTP.KD.ZG,Guatemala,GTM,3.10256318046585,3.60886873487283,4.16390688293349,2.97470856847661,3.69481919881751,4.44397758285268,4.09217081621244,2.67780255532826,3.07985149125689,3.32209799734959,3.866856574905,-1.51932802919289
GDP growth (annual %),NY.GDP.MKTP.KD.ZG,Guinea,GIN,4.32406275371824,2.50306056156042,5.6121081745943,5.91528888365198,3.94568380487065,3.69654184330277,3.82592166663164,10.8206214377027,10.3000004937687,6.35849192736859,5.6461755684381,6.98855997075241
GDP growth (annual %),NY.GDP.MKTP.KD.ZG,Guinea-Bissau,GNB,6.09999998640174,5.42698736686769,8.08477973398716,-1.71268301181074,3.25590426517695,0.96456075098132,6.13408294113292,6.26280563780463,5.91917662586047,1.28373670309465,4.49999999151316,-2.39999999921721
GDP growth (annual %),NY.GDP.MKTP.KD.ZG,Guyana,GUY,-3.06748466257655,-1.36380390261873,5.33920623191726,5.38225998920552,3.65329808157458,1.68640011120611,0.687398060728412,3.80748343308505,3.73449465629774,4.44098072442904,5.35283078679163,43.4795146332261
GDP growth (annual %),NY.GDP.MKTP.KD.ZG,Haiti,HTI,1.03812280103112,0.870059252893896,6.15422515762516,0.553166536228261,3.0850086207918,3.40177722554773,1.61691511450186,1.72254483834551,2.286127252106,1.66782666363679,-1.68198512950129,-3.37375049597422
GDP growth (annual %),NY.GDP.MKTP.KD.ZG,Honduras,HND,2.79174894892149,7.29128815869618,3.83569066207505,4.12868774866939,2.79155975746801,3.0580805621437,3.84007997093951,3.89297219726413,4.84291391050387,3.84499476966735,2.65306625480355,-8.96476018404584
GDP growth (annual %),NY.GDP.MKTP.KD.ZG,"Hong Kong SAR, China",HKG,3.83052993685524,7.6634621034283,4.81468226793491,1.70032521812904,3.1015467658996,2.76237659497929,2.38780231562711,2.16949438778281,3.79100598597371,2.84644793882873,-1.6797561695559,-6.08146778412127
GDP growth (annual %),NY.GDP.MKTP.KD.ZG,Hungary,HUN,..,4.47919119279798,1.93710779352188,-1.38062332775523,1.86075162441399,4.22895073481537,3.81942837927696,2.13999571174807,4.31678098650497,5.39970920939707,4.64129707512659,-4.95674851669689
GDP growth (annual %),NY.GDP.MKTP.KD.ZG,Iceland,ISL,..,4.98504277020335,1.84577915624217,1.06363660743763,4.55246032015108,1.68721501750639,4.43666371937172,6.30368710650176,4.19494882908376,4.71481378757035,2.56901200088822,-6.6491054127991
GDP growth (annual %),NY.GDP.MKTP.KD.ZG,India,IND,5.53345456306511,3.84099115681285,5.2413150014405,5.45638875293319,6.38610640092348,7.41022760516408,7.99625378566586,8.25630550178155,6.79538341898569,6.53298901141864,4.04155418650819,-7.9646104111382
GDP growth (annual %),NY.GDP.MKTP.KD.ZG,Indonesia,IDN,7.24213163856464,4.9200677470169,6.16978420771008,6.03005065305615,5.5572636889101,5.006668425755,4.87632230022123,5.03306918280177,5.06978590134916,5.17429153955024,5.01815971508286,-2.06954349906437
GDP growth (annual %),NY.GDP.MKTP.KD.ZG,"Iran, Islamic Rep.",IRN,13.8381567551059,5.80889885279676,2.64571791806152,-7.44455702975874,-0.194073471015827,4.60341887988656,-1.32064511973016,13.3962426157509,3.75519645191902,-6.02597180315718,-6.78422367041092,1.66179375961026
GDP growth (annual %),NY.GDP.MKTP.KD.ZG,Iraq,IRQ,57.8178283456035,16.9216656853113,7.546471200426,13.9364301737537,7.62857118471159,0.197016710359037,4.72286401884131,13.7873730187089,-1.75366084478877,-1.21396339905907,4.44504963470112,-10.3650901764239
GDP growth (annual %),NY.GDP.MKTP.KD.ZG,Ireland,IRL,8.46652715080079,9.41371440357841,0.601090917763642,0.127807515991023,1.2268535764794,8.64044551195175,25.1764023204844,1.99376019311333,9.12943994656918,8.51639572292764,5.56520116490485,3.41781552662215
GDP growth (annual %),NY.GDP.MKTP.KD.ZG,Isle of Man,IMN,4.1869768155689,5.30000152552805,1.99999938207415,7.30375730215189,4.1417185506714,5.15530308762963,-0.385798408302321,6.95231147466393,2.83773969589424,2.21340559862568,..,..
GDP growth (annual %),NY.GDP.MKTP.KD.ZG,Israel,ISR,..,7.54650163252929,4.62640746737834,2.43091805298674,4.19980758844143,3.92086115957393,2.2181131510075,3.82657487238673,3.55561272516283,3.47937031866279,3.45027928077938,-2.43998591588895
GDP growth (annual %),NY.GDP.MKTP.KD.ZG,Italy,ITA,1.98577494287171,3.78695514323979,0.707333347034435,-2.98090576823772,-1.84106545088248,-0.00454754236383792,0.778304350716581,1.29346273155907,1.66785904106857,0.941737193371978,0.287449937139201,-8.87114634766792
GDP growth (annual %),NY.GDP.MKTP.KD.ZG,Jamaica,JAM,4.2005351147029,0.87870354796236,1.73037626746921,-0.613636039869121,0.5176860128024,0.689822357374339,0.92148712538031,1.37522306445538,0.997123062335191,1.88992368121086,0.892291653822227,-10.2
GDP growth (annual %),NY.GDP.MKTP.KD.ZG,Japan,JPN,4.89271306580787,2.77963282512113,-0.115421339757418,1.49508958593034,2.00026784118108,0.374719476350435,1.2229210410615,0.521944455486121,2.16829073737318,0.323207337906922,0.270308582079323,..
GDP growth (annual %),NY.GDP.MKTP.KD.ZG,Jordan,JOR,-0.275903906111026,4.24571234401554,2.73717988632104,2.42935800100238,2.60994737548631,3.38407809933472,2.49652879315188,1.9941808493012,2.08711455126291,1.93409170141707,1.95546635784412,-1.5513843252939
GDP growth (annual %),NY.GDP.MKTP.KD.ZG,Kazakhstan,KAZ,..,9.80000000214156,7.40000000068393,4.79999999999275,5.99999999925561,4.20000000063038,1.19999999976802,1.09999999990164,4.10000000033854,4.09999999987123,4.50000000008481,-2.60000000027189
GDP growth (annual %),NY.GDP.MKTP.KD.ZG,Kenya,KEN,4.19205097421582,0.599695391613636,6.10826371979651,4.56320913071117,5.87868056675418,5.35712564449969,5.71850713133514,5.87894929950137,4.80569652479387,6.31845070162866,5.36574896547464,-0.307497490498449
GDP growth (annual %),NY.GDP.MKTP.KD.ZG,Kiribati,KIR,-0.869565217391298,6.25,1.59456110202041,4.71331913631829,4.21477391203615,-0.697828087271731,10.4054079265676,5.13538328085484,0.891508170372362,2.31315781089032,2.24736596252659,2.53807106598984
GDP growth (annual %),NY.GDP.MKTP.KD.ZG,"Korea, Dem. People's Rep.",PRK,..,..,..,..,..,..,..,..,..,..,..,..
GDP growth (annual %),NY.GDP.MKTP.KD.ZG,"Korea, Rep.",KOR,9.8775525016936,9.06083332508534,3.68566778212526,2.40253099246186,3.16470863647184,3.2024537945736,2.80910326824133,2.94688171508626,3.15963574012777,2.90740377377135,2.03934822710794,-0.957766223525297
GDP growth (annual %),NY.GDP.MKTP.KD.ZG,Kosovo,XKX,..,..,4.37700821685154,2.80962462240704,3.44147090327607,1.22280083493142,4.09528284496423,4.07029129319361,4.22608649579652,3.81331474337946,4.94193162326791,-6.88801319511511
GDP growth (annual %),NY.GDP.MKTP.KD.ZG,Kuwait,KWT,..,4.69458187079211,9.6284069747757,6.62581830014173,1.14930043706521,0.500876982158658,0.593019617221231,2.92586822591576,-4.71210620851997,1.24612932277408,0.427464007936067,..
GDP growth (annual %),NY.GDP.MKTP.KD.ZG,Kyrgyz Republic,KGZ,5.70279663523449,5.44333663314045,5.95627430862646,-0.0881502010106345,10.9154694543144,4.02403862576861,3.87582544821402,4.33585591715968,4.73993722539466,3.75791012840688,4.60062565684829,-8.61655101811031
GDP growth (annual %),NY.GDP.MKTP.KD.ZG,Lao PDR,LAO,6.70457868738686,5.79878232615873,8.03865268080929,8.02609843404085,8.02630022637751,7.61196344074379,7.27006584339864,7.02283625501138,6.8925308726989,6.24796000755872,5.4577350924848,0.439513530709007
GDP growth (annual %),NY.GDP.MKTP.KD.ZG,Latvia,LVA,..,5.67197491547509,6.46884995004382,4.25172304811186,2.31017607605585,1.07363408715679,4.00687403269866,2.37292412754951,3.2507202900895,4.02431104454983,2.02711321974512,-3.62368391569032
GDP growth (annual %),NY.GDP.MKTP.KD.ZG,Lebanon,LBN,26.533160093229,1.34187161939805,0.867339877167865,2.54054249176635,3.81102328373967,2.46136118805316,0.211611959138764,1.52952010698108,0.850699558756901,-1.92640477077212,-6.69999999994374,-20.2999931945589
GDP growth (annual %),NY.GDP.MKTP.KD.ZG,Lesotho,LSO,6.04547332985949,3.8755468142558,4.61425223766247,6.33482170116899,1.79253144466578,1.7105440042256,3.12755772382955,3.58836459667835,-3.14194994562207,-1.22313731083291,-0.381431981522567,-11.0609937385315
GDP growth (annual %),NY.GDP.MKTP.KD.ZG,Liberia,LBR,..,..,8.2007658404608,7.99381569313657,8.70402806598014,0.701143911750762,0,-1.59958407502,2.46862609505123,1.22255131299607,-2.27824512534819,-2.87072242804096
GDP growth (annual %),NY.GDP.MKTP.KD.ZG,Libya,LBY,..,3.67921329264158,-62.0759195849001,123.139555198582,-13.5999999741829,-24.000000034478,-8.8620393625491,-2.79546888990187,26.6809026327981,15.1327998906632,2.53595347758677,-31.3
GDP growth (annual %),NY.GDP.MKTP.KD.ZG,Liechtenstein,LIE,2.25287097057453,3.22019308239609,..,..,..,..,..,..,..,..,..,..
GDP growth (annual %),NY.GDP.MKTP.KD.ZG,Lithuania,LTU,..,3.69552542107776,6.03900816040344,3.8438647490634,3.55007284270485,3.53700987901611,2.02458395469182,2.51882827307178,4.28259695120761,3.9368459012309,4.33886103349596,-0.871905539751921
GDP growth (annual %),NY.GDP.MKTP.KD.ZG,Luxembourg,LUX,5.31993278705365,8.23980205975829,2.53923576779506,-0.352520089272659,3.65437134208327,4.29678630500703,4.30643149305372,4.57460105103911,1.80118095539584,3.11083626560442,2.29697881609749,-1.31320454303741
GDP growth (annual %),NY.GDP.MKTP.KD.ZG,"Macao SAR, China",MAC,7.98035974955063,5.74711600424772,21.6164748608622,9.24224722587151,10.7527979196436,-2.04826566550604,-21.492647209212,-0.674489248292289,9.98250523924807,6.4660065439907,-2.62886147629298,-56.3082451293212
GDP growth (annual %),NY.GDP.MKTP.KD.ZG,Madagascar,MDG,3.12890505393186,4.45685893778607,1.57842942055571,3.01114640755307,2.30038693447709,3.33920224407332,3.13229588799277,3.99314608483922,3.93331617138617,3.20000000003624,4.39999999997099,-4.20000207447691
GDP growth (annual %),NY.GDP.MKTP.KD.ZG,Malawi,MWI,5.69229449375723,1.57607783734673,4.85405510898316,1.88579950731871,5.19999999835552,5.70000000377198,2.7999999990034,2.48404062641858,4.00003051653046,4.42062146516105,5.72110607658406,0.799999999999955
GDP growth (annual %),NY.GDP.MKTP.KD.ZG,Malaysia,MYS,9.00852713975699,8.85886816969386,5.29391283414003,5.47345419253853,4.69372252557893,6.00672194558203,5.09153242155011,4.44978139761541,5.81272240983328,4.769927023631,4.30281598221003,-5.58774467806195
GDP growth (annual %),NY.GDP.MKTP.KD.ZG,Maldives,MDV,..,3.84581039203469,8.56673353050461,2.51738394219683,7.28107397899866,7.32962620344684,2.8845485296051,6.33752978959198,7.21047978783251,8.12881366096461,6.98667554039628,-31.9820637101164
GDP growth (annual %),NY.GDP.MKTP.KD.ZG,Mali,MLI,-2.50239510347761,-0.0608349718131223,3.21313378044307,-0.83673463153076,2.29506828962617,7.08468388056527,6.17180002424978,5.85229919941415,5.30545608438166,4.74648432724561,4.7658605206915,-1.64926140079287
GDP growth (annual %),NY.GDP.MKTP.KD.ZG,Malta,MLT,6.29139095831171,19.6812700987474,0.467050856132303,4.11770729935166,5.47335569545271,7.63353811230073,9.60813281079976,4.09091742885326,8.11942528928094,5.17922479608156,5.53956633683224,-7.00112961514149
GDP growth (annual %),NY.GDP.MKTP.KD.ZG,Marshall Islands,MHL,2.67624646362708,1.35407910881,-0.612309009476391,-2.29521041422858,4.01797969879676,-0.950334664984581,1.61392146153455,1.02989810912426,3.38274080623604,3.34508050965314,6.52900334456253,..
GDP growth (annual %),NY.GDP.MKTP.KD.ZG,Mauritania,MRT,-1.7713045336383,-3.91802587923293,4.17278328304418,4.47001318233693,4.15081318627171,4.27482327130284,5.37633923694936,1.26090922448303,3.49717500591493,2.11526763746781,5.93144210491891,-1.48848721412935
GDP growth (annual %),NY.GDP.MKTP.KD.ZG,Mauritius,MUS,7.18673677131321,8.2027917834951,4.07753807362208,3.49611833757982,3.36040610303085,3.74457577257851,3.55307173003958,3.83793262870846,3.8141521149642,3.75967723144153,3.01476291122817,-14.867831289276
GDP growth (annual %),NY.GDP.MKTP.KD.ZG,Mexico,MEX,5.17576838619527,4.94245371467422,3.66300792950094,3.64232267941347,1.35409196151679,2.84977325490688,3.29315152833387,2.63053242455089,2.11312913549695,2.19499204896051,-0.0545279280443225,-8.23947327731744
GDP growth (annual %),NY.GDP.MKTP.KD.ZG,"Micronesia, Fed. Sts.",FSM,3.74092685650476,4.83390378617111,3.18857475473928,-1.86681975475544,-3.67976779073483,-2.30577574529325,4.62188400404939,0.900180416516932,2.68218594445551,0.211653600126766,1.20028899017528,..
GDP growth (annual %),NY.GDP.MKTP.KD.ZG,Moldova,MDA,..,2.10771604754427,5.81816640453509,-0.589734125919819,9.0438654824315,4.99962566891807,-0.338235324459944,4.40888672378215,4.69079339018722,4.30147774180656,3.58048427077662,-6.96904629575548
GDP growth (annual %),NY.GDP.MKTP.KD.ZG,Monaco,MCO,2.64345417269378,3.9102292257835,7,1.000000923315,9.59999846418893,7.20000071732574,4.89999916940167,3.50000139074966,-3.40000080981493,6.10000047479942,7.5,..
GDP growth (annual %),NY.GDP.MKTP.KD.ZG,Mongolia,MNG,-3.18446017802542,1.14606213683845,17.290777583689,12.3198198484838,11.6489161898863,7.8852254815194,2.37983580688481,1.1683934561722,5.33703793321978,7.24662963602634,5.15907060309905,-5.33555201697223
GDP growth (annual %),NY.GDP.MKTP.KD.ZG,Montenegro,MNE,..,3.10000018370371,3.22841872760809,-2.72379956421398,3.54898434239826,1.78368226013417,3.39035840956457,2.94934081471784,4.71643873880667,5.07786503417577,4.06295541343154,-15.158984433142
GDP growth (annual %),NY.GDP.MKTP.KD.ZG,Morocco,MAR,3.4118122263138,1.91287298063767,5.24569729729485,3.00996126221978,4.53542420003856,2.66949392694423,4.53637816806425,1.05985639008179,4.24894921139069,3.14850264440017,2.48190513217455,-7.11723216887476
GDP growth (annual %),NY.GDP.MKTP.KD.ZG,Mozambique,MOZ,0.999992833134172,1.18030078891616,7.41738431559391,7.25843925258778,6.96360713487071,7.39851279713864,6.72327878035819,3.82421431921188,3.74131759312564,3.44381383971462,2.29273692652629,-1.28188697176552
GDP growth (annual %),NY.GDP.MKTP.KD.ZG,Myanmar,MMR,2.81693327329162,13.745930556119,5.59148237817504,7.33267044712875,8.42600102486217,7.99091559736729,6.99284029019707,5.75006450029507,6.404977325147,6.7504601462238,1.69442380959215,-9.99204468600205
GDP growth (annual %),NY.GDP.MKTP.KD.ZG,Namibia,NAM,2.04745993950679,3.49218332757128,5.09133811364791,5.06168208686807,5.61471961709721,6.09251913915392,4.26417452873198,0.0337944884155377,-1.02725082313047,1.1080490927329,-0.606085760066293,-7.98354382508364
GDP growth (annual %),NY.GDP.MKTP.KD.ZG,Nauru,NRU,..,..,10,11.3636363636364,30.6122448979592,26.5625,3.7037037037037,3.57142857142858,-5.74712643678161,6.09756097560977,0,..
GDP growth (annual %),NY.GDP.MKTP.KD.ZG,Nepal,NPL,4.63503634705992,6.19999998759798,3.4218282408752,4.43849350450829,3.52515317129149,6.01148284250441,3.97605327162971,0.433113719381524,8.97727935643466,7.62237610539864,6.65705542802834,-2.08837869543885
GDP growth (annual %),NY.GDP.MKTP.KD.ZG,Netherlands,NLD,4.18322298634072,4.1956424978691,1.55118931244651,-1.03035399148436,-0.130175288449919,1.42339539510084,1.95916972105708,2.19171371926123,2.91090251315005,2.36091509478513,1.67741836780002,-3.74132823489657
GDP growth (annual %),NY.GDP.MKTP.KD.ZG,New Caledonia,NCL,3.60000127425515,2.10010884233,..,..,..,..,..,..,..,..,..,..
GDP growth (annual %),NY.GDP.MKTP.KD.ZG,New Zealand,NZL,0.152969260726451,2.9050229876697,2.25673692141848,2.24064086979132,2.69578385886643,3.81383101625926,3.70737581770793,3.73007989347536,3.61328155307372,3.20574787992723,1.63393261347822,0.981029012861896
GDP growth (annual %),NY.GDP.MKTP.KD.ZG,Nicaragua,NIC,-0.0524997208627269,4.10159015455254,6.31752482459839,6.49674729903211,4.92679226883017,4.78517074681967,4.79331818097826,4.56231301393615,4.63138368138509,-3.3637057173864,-3.67425906055939,-1.97732939329578
GDP growth (annual %),NY.GDP.MKTP.KD.ZG,Niger,NER,-1.30847828389487,-1.20847774291381,2.35775693598637,10.5489445758894,5.31513063575673,6.64213665404847,4.39264883201909,5.70927418699958,4.99909716473381,7.21917266805082,5.90279178979098,1.50000554259205
GDP growth (annual %),NY.GDP.MKTP.KD.ZG,Nigeria,NGA,11.7768859323494,5.01593475720539,5.30792420366642,4.23006117510553,6.67133539288378,6.30971865572383,2.65269329541835,-1.61686894991816,0.805886619542704,1.92275734157302,2.2084292771582,-1.79425308233591
GDP growth (annual %),NY.GDP.MKTP.KD.ZG,North Macedonia,MKD,..,4.54913578288874,2.33988604520331,-0.456183223607937,2.92525766450484,3.62912351276373,3.85586514041738,2.84820519363306,1.08177273813243,2.88059670964267,3.17415085003358,-4.53199502416193
GDP growth (annual %),NY.GDP.MKTP.KD.ZG,Northern Mariana Islands,MNP,..,..,-7.38423028785982,0.810810810810807,2.68096514745308,4.177545691906,3.38345864661653,29.2121212121212,23.1707317073171,-19.3450114242194,-11.1425873465534,..
GDP growth (annual %),NY.GDP.MKTP.KD.ZG,Norway,NOR,1.93241982650521,3.20497922225218,0.981434478585356,2.70310947059309,1.03407291353631,1.9695443007939,1.96712843821408,1.07155897720727,2.3232584068849,1.11882882717687,0.851897613690838,-0.762477535422946
GDP growth (annual %),NY.GDP.MKTP.KD.ZG,Oman,OMN,-0.130425740071871,6.55106639316263,2.65886867278347,9.04504293414206,5.1047994273881,1.4585557818867,4.63037451650305,5.09706760494015,0.346322040517236,0.91939893441841,-0.825239185464682,..
GDP growth (annual %),NY.GDP.MKTP.KD.ZG,Pakistan,PAK,4.4585868150981,4.2600880114509,2.7484059174005,3.50703342009689,4.39645663349772,4.67470798143725,4.73114747532901,5.52673584474448,5.55427743729406,5.83641749754401,0.98882943984708,0.525527438790377
GDP growth (annual %),NY.GDP.MKTP.KD.ZG,Palau,PLW,..,..,6.68368286152258,1.67260259494016,-3.38731639550443,6.29384737719678,7.53906979437191,-0.0833637300740975,-1.91636045319476,4.05888512365482,-4.24730201552535,..
GDP growth (annual %),NY.GDP.MKTP.KD.ZG,Panama,PAN,8.09899300563279,2.71537415482821,11.3137317481848,9.77854554707744,6.90394805143926,5.06642235455794,5.7330542960121,4.95321142279059,5.59114887553631,3.59811275823063,3.03975021130994,-17.9493316725846
GDP growth (annual %),NY.GDP.MKTP.KD.ZG,Papua New Guinea,PNG,-3.01216922049173,-2.49484199260023,1.10754362619616,4.65711959686239,3.82494632800675,13.5437706216546,6.57835632304275,5.48957315278187,3.53461081750459,-0.279252284959952,5.85979419692953,-3.878818537374
GDP growth (annual %),NY.GDP.MKTP.KD.ZG,Paraguay,PRY,4.12328287958157,-2.31414056819045,4.28637120702282,-0.708043112316886,8.29307648940471,5.30123859237025,2.95715173487106,4.26802583314583,4.81007885554041,3.20425034076639,-0.40185510068001,-0.999999999994245
GDP growth (annual %),NY.GDP.MKTP.KD.ZG,Peru,PER,-4.98256353646605,2.69437139806912,6.32719240161117,6.13972470560435,5.85251821084928,2.38215737180541,3.25224477218451,3.95331871520767,2.51883544233135,3.96915687018075,2.2039747486556,-11.1488118768393
GDP growth (annual %),NY.GDP.MKTP.KD.ZG,Philippines,PHL,3.03696629398212,4.41122215866059,3.85823282795663,6.89695171050985,6.75053130142255,6.34798748260867,6.34830971672761,7.14945675000752,6.9309883258402,6.34148557131178,6.11852566256255,-9.57302987461006
GDP growth (annual %),NY.GDP.MKTP.KD.ZG,Poland,POL,..,4.56102546838335,4.75763800382072,1.32489082785044,1.12576783609582,3.37857807264132,4.23632630608085,3.14173122907013,4.83065457036179,5.353704746044,4.54091951432764,-2.70170919482509
GDP growth (annual %),NY.GDP.MKTP.KD.ZG,Portugal,PRT,3.95052276325154,3.81617806346979,-1.69616478061504,-4.05729360769561,-0.922644674527888,0.792190301875365,1.79204604555983,2.01948539561312,3.5063452848124,2.84932646131253,2.4889586061267,-7.56361642251464
GDP growth (annual %),NY.GDP.MKTP.KD.ZG,Puerto Rico,PRI,-2.84054072620243,3.2719645286232,-0.358510628287519,0.0292751104899338,-0.306826657099961,-1.19036345385329,-1.04944365110551,-1.26300292505279,-2.88595475858821,-4.14747474747475,1.48481463527726,-3.90330519298465
GDP growth (annual %),NY.GDP.MKTP.KD.ZG,Qatar,QAT,..,..,13.3751764167658,4.73001183165189,5.55604064086825,5.33432329930233,4.75334572116411,3.06419188299694,-1.49760468956656,1.23487219150027,0.774808391380645,-3.66783552589879
GDP growth (annual %),NY.GDP.MKTP.KD.ZG,Romania,ROU,..,2.4612634592269,1.90606770748846,2.04066513079732,3.77096230437297,3.60872365319838,2.95367403735953,4.70299774749441,7.31944852925453,4.47452377497343,4.12745099799128,-3.85937359255286
GDP growth (annual %),NY.GDP.MKTP.KD.ZG,Russian Federation,RUS,-2.9999956422359,10.000066815788,4.3000291857941,4.02408615720979,1.75542214909368,0.736267221415574,-1.97271922637542,0.193690071729534,1.82579006355112,2.80724541049418,2.03298273919678,-2.95127389914892
GDP growth (annual %),NY.GDP.MKTP.KD.ZG,Rwanda,RWA,-2.39929109691013,8.37091824035809,7.95840604618591,8.64150016870721,4.71985419565317,6.16716670064956,8.85684435529079,5.97074429808526,3.97628969448469,8.57942454050658,9.46068248236998,-3.35547212198846
GDP growth (annual %),NY.GDP.MKTP.KD.ZG,Samoa,WSM,-4.42145094868896,6.9187944544926,4.17339345796324,-4.08872376985958,-0.418844399260692,0.0782453349529248,4.27218852848745,8.05416043810409,1.04487968940552,-2.06327306640259,3.58062555818709,-2.74256739608303
GDP growth (annual %),NY.GDP.MKTP.KD.ZG,San Marino,SMR,..,2.17937971500419,-8.3147735708983,-7.04453441295546,-0.78397212543554,-0.702370500438988,2.29150556129265,2.34440586055426,0.258265466328027,1.54476112853661,2.37470156492515,..
GDP growth (annual %),NY.GDP.MKTP.KD.ZG,Sao Tome and Principe,STP,..,..,4.39820201461627,3.14197645952099,4.81479265412412,6.54993495501441,3.91133798862562,4.16476897372846,3.84898091798067,2.94526890871829,2.21085583286091,3.08972555522433
GDP growth (annual %),NY.GDP.MKTP.KD.ZG,Saudi Arabia,SAU,15.1934258901094,5.62541614258343,9.99684655397263,5.41144490216435,2.69925472255672,3.65248169757899,4.10640887013656,1.67062475765871,-0.74150265286427,2.43411078064224,0.331435728597114,-4.10658341159909
GDP growth (annual %),NY.GDP.MKTP.KD.ZG,Senegal,SEN,-0.746282222903886,3.88721095816793,1.33409107961258,4.00299555090457,2.41238527605579,6.22407443790986,6.36704365066983,6.35606857181878,7.4074861863013,6.20924103389086,4.40240683638351,0.870408531926302
GDP growth (annual %),NY.GDP.MKTP.KD.ZG,Serbia,SRB,..,6.13181308953254,2.0362766886403,-0.68154236933475,2.89263673355808,-1.58951031990257,1.80605926509682,3.33858676542988,2.10116384741241,4.4951212927627,4.24851343995569,-0.979714616234148
GDP growth (annual %),NY.GDP.MKTP.KD.ZG,Seychelles,SYC,6.99554469003365,1.51433881472376,7.88727959697732,1.26082883408726,6.01807682463131,4.50478524378195,4.93738561888499,4.56262327793877,4.82133698655767,1.32761876759886,1.55240337935115,-10.7204870650812
GDP growth (annual %),NY.GDP.MKTP.KD.ZG,Sierra Leone,SLE,3.34999798387724,6.65272788470479,6.31504503637646,15.1817690830225,20.7157682858728,4.55677236615293,-20.5987707154032,6.05547402877262,4.21118264884808,3.44616262140143,5.60048338326217,-2.16249723146613
GDP growth (annual %),NY.GDP.MKTP.KD.ZG,Singapore,SGP,9.82104913117239,9.03914675133963,6.33787081384082,4.46160895101333,4.83729864576097,3.93800272866056,2.98852067557713,3.32903445814925,4.52037947555507,3.49746960110137,1.34521748573569,-5.39102140610559
GDP growth (annual %),NY.GDP.MKTP.KD.ZG,Sint Maarten (Dutch part),SXM,..,..,4.60000299641928,1.39054666984961,1.30672788274767,1.5803846377317,0.400000000000006,0.499999999999986,-5.80000000000001,-6.59999999999987,..,..
GDP growth (annual %),NY.GDP.MKTP.KD.ZG,Slovak Republic,SVK,..,1.16652824699739,2.84721817797882,1.89674227140716,0.666535041763396,2.64158974610042,4.81489967027436,2.13272778393984,2.9895203180202,3.65012335777963,2.51158814099053,-4.7543253411001
GDP growth (annual %),NY.GDP.MKTP.KD.ZG,Slovenia,SVN,..,3.67237154968245,0.861327732719303,-2.63943875676689,-1.02928277204056,2.76815883065036,2.21008160650594,3.19185251782498,4.79354876042457,4.38450172090073,3.18434162415744,-5.53220784505318
GDP growth (annual %),NY.GDP.MKTP.KD.ZG,Solomon Islands,SLB,2.20304337951396,-14.2751369761587,7.27204690033678,1.86046511627906,5.3310502283105,1.05126259889454,1.41570141570142,5.87986463620982,5.34358769476628,3.94424954963497,1.20404998631763,-4.31726002703921
GDP growth (annual %),NY.GDP.MKTP.KD.ZG,Somalia,SOM,-1.48407568424224,..,..,..,..,2.36382322713253,3.46385542168682,2.88694808345467,1.3911813251591,2.79069767441867,2.89592760180992,-1.49516270888303
GDP growth (annual %),NY.GDP.MKTP.KD.ZG,South Africa,ZAF,-0.317785675763318,4.2000034755179,3.28416814231139,2.21335480848441,2.4852005003106,1.84699160365716,1.19373280124428,0.399087929556359,1.41451262585058,0.787055570495099,0.152583316664234,-6.95960445218964
GDP growth (annual %),NY.GDP.MKTP.KD.ZG,South Sudan,SSD,..,..,-4.64031673600859,-46.0821223743007,13.1297311406943,3.37364847715736,-10.7933646271143,..,..,..,..,..
GDP growth (annual %),NY.GDP.MKTP.KD.ZG,Spain,ESP,3.78139337826686,5.24599468041613,-0.81437345515107,-2.95944130173555,-1.43539425919327,1.38390794267029,3.83517266033846,3.03130132981933,2.97364119053731,2.43004714546871,1.95012689445046,-10.8389473393255
GDP growth (annual %),NY.GDP.MKTP.KD.ZG,Sri Lanka,LKA,6.3999953069393,6.00003316014399,8.40473302101104,9.14457224642567,3.39573264983426,4.96070059169729,5.00768330472783,4.48663453096836,3.5781696792194,3.27200047854103,2.25517652855038,-3.5690761372374
GDP growth (annual %),NY.GDP.MKTP.KD.ZG,St. Kitts and Nevis,KNA,4.87725151603959,10.042808415173,1.82843530195431,-2.22801230701,5.38369073404171,6.28480423542324,1.03370422492432,2.82637886804554,-1.97782921184067,2.92445045385401,2.05410313500668,-10.7433909759491
GDP growth (annual %),NY.GDP.MKTP.KD.ZG,St. Lucia,LCA,9.89070152928615,0.0487485535201131,5.48341133345708,-0.199851740436472,-3.17437760445316,1.75866590118241,-1.36048466199094,3.98686894846041,3.4888486595471,2.63946235416486,1.72883843181566,-20.211549191879
GDP growth (annual %),NY.GDP.MKTP.KD.ZG,St. Martin (French part),MAF,..,..,..,..,..,..,..,..,..,..,..,..
GDP growth (annual %),NY.GDP.MKTP.KD.ZG,St. Vincent and the Grenadines,VCT,6.94272739695639,1.63903324259671,-0.419296168353213,1.38208741166592,1.83297665252033,1.21403892048491,1.3302754984134,1.89744094374245,1.00035787930946,2.16312894408262,0.494924137323551,-2.7281243323491
GDP growth (annual %),NY.GDP.MKTP.KD.ZG,Sudan,SDN,-5.47005377615478,6.34586776869979,-0.0168097889151824,0.688184602418858,6.79687346330451,7.04312194082858,4.00984801802029,3.57476315783816,4.67411251773441,2.817443642744,-1.32642451017379,-1.56216179984276
GDP growth (annual %),NY.GDP.MKTP.KD.ZG,Suriname,SUR,-4.49999999999977,2.09999865984891,5.84936778449723,2.69035005713087,2.93344123002235,0.255503144653943,-3.41109586355626,-4.91578646874108,1.56719106520956,4.94827076559268,1.09846777827852,-14.5
GDP growth (annual %),NY.GDP.MKTP.KD.ZG,Sweden,SWE,0.754674768666845,4.7663488714872,3.1953332348894,-0.588304568990736,1.187775715906,2.65779827531642,4.48928158790491,2.07059315052096,2.56792452526476,1.95002284569983,1.36985698879519,-2.81781957242536
GDP growth (annual %),NY.GDP.MKTP.KD.ZG,Switzerland,CHE,3.67462569741268,3.97640923409377,1.92044598533703,1.21719365684089,1.82166779082581,2.44684515688446,1.65776871127174,2.04518646926613,1.58481961645738,3.01340510154813,1.08193084291257,-2.87025191142793
GDP growth (annual %),NY.GDP.MKTP.KD.ZG,Syrian Arab Republic,SYR,7.64077232347231,2.74285739723466,..,..,..,..,..,..,..,..,..,..
GDP growth (annual %),NY.GDP.MKTP.KD.ZG,Tajikistan,TJK,-0.59999963133663,8.32432449473859,7.40000059956711,7.49999946321525,7.39999974700379,6.70000069016253,5.99999926409104,6.89999961998744,7.100001403137,7.59999938722835,7.39999963813631,4.49999951669761
GDP growth (annual %),NY.GDP.MKTP.KD.ZG,Tanzania,TZA,7.04507164384178,4.52078463488321,7.67215543499384,4.50015355982126,6.78158560065316,6.73246186832483,6.16062877406682,6.86711619644551,6.78568011405198,5.44496763189635,5.79137137632071,2.00385826927847
GDP growth (annual %),NY.GDP.MKTP.KD.ZG,Thailand,THA,11.1671634446293,4.45524704335014,0.840132083053334,7.24279620249642,2.68749556320556,0.984468863619426,3.13404724911635,3.43515771692182,4.1776810321001,4.18958549566707,2.26643367175595,-6.08722028505679
GDP growth (annual %),NY.GDP.MKTP.KD.ZG,Timor-Leste,TLS,..,..,5.80510536160274,6.02157100493503,2.11922431926013,4.44956882298433,2.91003501524858,3.36489796952593,-4.10360974458959,-1.0539022514868,18.7235248037601,-8.70254848621823
GDP growth (annual %),NY.GDP.MKTP.KD.ZG,Togo,TGO,-0.243656135667237,-0.78347960999578,6.39819905238785,6.54350703065634,6.11234307771704,5.92058857118556,5.74286845333449,5.5590793063858,4.34774823822544,4.97621309973984,5.45992144835783,1.75280074920752
GDP growth (annual %),NY.GDP.MKTP.KD.ZG,Tonga,TON,-2.04409143450813,0.875990063008445,6.81827614447295,0.823102717964815,0.312307909294702,2.01870046039205,1.17188825589601,6.57100050107448,3.32243254438831,0.300009403851803,0.734030017207445,..
GDP growth (annual %),NY.GDP.MKTP.KD.ZG,Trinidad and Tobago,TTO,1.50916784203096,6.90135959072803,-0.294354409043763,1.26996436520241,2.2290748047658,-0.912544968808234,1.48378103427828,-5.60181813910879,-2.98734019720676,0.0660497745971185,-1.24642733552926,-7.83187649658342
GDP growth (annual %),NY.GDP.MKTP.KD.ZG,Tunisia,TUN,7.94981943592961,4.70997290290092,-1.91769577085597,4.08855013870016,2.82165705127657,2.87282267208435,1.16586057813679,1.24933858161414,1.91805572939899,2.66359238905274,1.04326175682073,-8.60031028272616
GDP growth (annual %),NY.GDP.MKTP.KD.ZG,Turkey,TUR,9.26614667149323,6.93323970455904,11.2001105833504,4.78849271108008,8.48581699653026,4.9397151613658,6.08448690443663,3.32308420845746,7.50199748917491,2.9589667279851,0.916534796440473,1.7566507625293
GDP growth (annual %),NY.GDP.MKTP.KD.ZG,Turkmenistan,TKM,35.3845581084463,5.46906413252854,14.6999999278723,11.0999999615545,10.200000101399,10.2999999705459,6.49999990951666,6.1999999664301,6.50000004682975,6.19999994137119,6.3,..
GDP growth (annual %),NY.GDP.MKTP.KD.ZG,Turks and Caicos Islands,TCA,..,..,..,-0.97229935533214,1.07087701348118,8.71129658152685,11.3148341336331,7.25118054973062,-2.49021899245794,5.61095637443547,5.32455148316902,-26.8000042915066
GDP growth (annual %),NY.GDP.MKTP.KD.ZG,Tuvalu,TUV,..,-0.970599813962565,7.51595420581728,-3.83574882108888,4.57682370419998,1.34801268229315,9.14289393283154,3.03472315323769,4.09401771680183,2.49999999999999,9.75609756097562,4.40000000000001
GDP growth (annual %),NY.GDP.MKTP.KD.ZG,Uganda,UGA,6.47414015085897,3.14190733834667,9.39165549291185,3.8374556059261,3.58690582636159,5.10630732427653,5.18785986255436,4.78100029144647,3.80912902932442,6.16261913900348,6.80332681328235,2.85758127391374
GDP growth (annual %),NY.GDP.MKTP.KD.ZG,Ukraine,UKR,-6.3452351284913,5.89999999908315,5.46550184584432,0.238681720768113,-0.0266978900718868,-6.55263129365765,-9.77296079067543,2.23506761905661,2.46603562470679,3.40529551771813,3.22148314495658,-4.02031771396206
GDP growth (annual %),NY.GDP.MKTP.KD.ZG,United Arab Emirates,ARE,18.3279855336405,10.8527042125986,6.93027162943835,4.4846260849087,5.05334582526655,4.2843036857948,5.10593698394698,3.06096430837654,2.37353671042347,1.18985563831524,1.6777203729529,..
GDP growth (annual %),NY.GDP.MKTP.KD.ZG,United Kingdom,GBR,0.733755503411388,3.506217425817,1.2757084113606,1.43039602864351,2.18611335241982,2.86272867067392,2.36306951065066,1.72238590444775,1.74030944299099,1.25259061284513,1.37081472248765,-9.79024036173693
GDP growth (annual %),NY.GDP.MKTP.KD.ZG,United States,USA,1.88596032541675,4.12748401690885,1.55083550470843,2.24954585238848,1.84208107064158,2.52597344637341,3.0755146497898,1.71142677366849,2.33267939548638,2.99646435222829,2.16117651518969,-3.4861395571143
GDP growth (annual %),NY.GDP.MKTP.KD.ZG,Uruguay,URY,0.297348378311128,-1.92993063772035,5.16213302935691,3.5381787065877,4.6375386412851,3.23879121744656,0.370741265001499,1.68979816429228,1.62775397322494,0.477907183899063,0.350447153086122,-5.85872124345026
GDP growth (annual %),NY.GDP.MKTP.KD.ZG,Uzbekistan,UZB,1.60000000555935,3.83499999927004,7.78490586424678,7.37568798629763,7.58453784865235,7.17939955021976,7.44770507452417,6.09421023860457,4.46152609019241,5.44644486222825,5.79837496040929,1.64779710168759
GDP growth (annual %),NY.GDP.MKTP.KD.ZG,Vanuatu,VUT,11.6956997985937,5.92480905652914,3.13787408576978,1.01002991377794,0.4686084593408,3.1262462504118,0.37157845181251,4.68867782300617,6.31560419866872,2.90023027256446,3.26458973233873,-9.23532846095011
GDP growth (annual %),NY.GDP.MKTP.KD.ZG,"Venezuela, RB",VEN,6.46794085305808,3.68694416687683,4.17642535923927,5.62595697508641,1.34309403607476,-3.89438647450662,..,..,..,..,..,..
GDP growth (annual %),NY.GDP.MKTP.KD.ZG,Vietnam,VNM,5.10091814039046,6.78731640822197,6.24030274887527,5.2473671560487,5.42188299130713,5.98365463697851,6.67928878891428,6.21081166789992,6.8122456596398,7.07578861674985,7.0174348821878,2.9058355842084
GDP growth (annual %),NY.GDP.MKTP.KD.ZG,Virgin Islands (U.S.),VIR,..,..,-8.15845319500119,-15.0192554557125,-5.83081570996978,-0.866217516843122,0.258899676375407,1.12976113621693,-0.606447494414297,1.50931278098909,..,..
GDP growth (annual %),NY.GDP.MKTP.KD.ZG,West Bank and Gaza,PSE,..,-8.55618329065622,9.60080848913594,6.09645656326154,4.69856986552234,-0.157866650855297,3.72129967114788,8.86461881995935,1.41936756294787,1.22707737782703,1.36268746558062,-11.4574515130457
GDP growth (annual %),NY.GDP.MKTP.KD.ZG,"Yemen, Rep.",YEM,..,6.1819155928913,-12.7148230174988,2.3928856820532,4.82341498124977,-0.188573712158529,-27.9945462536875,-9.37512381761694,-5.07179563883867,0.75244741049714,..,..
GDP growth (annual %),NY.GDP.MKTP.KD.ZG,Zambia,ZMB,-0.481072027781664,3.89732294341896,5.56460233670752,7.59759321053191,5.05723173979734,4.69799236252986,2.92037511217961,3.77667914626731,3.50433609558682,4.03437823506192,1.44178454842219,-3.01618890347348
GDP growth (annual %),NY.GDP.MKTP.KD.ZG,Zimbabwe,ZWE,6.98855293318539,-3.05918976180379,14.1939129572162,16.6654287684679,1.98949276207208,2.37692932698003,1.77987270340299,0.755869250930601,4.69939984876511,3.4971595351019,-8.09999999999999,-7.99999999999999
GDP growth (annual %),NY.GDP.MKTP.KD.ZG,Africa Eastern and Southern,AFE,0.0529770359994046,3.40795189870107,4.20199186591299,3.2409757069031,4.47030559525791,4.09091817358333,2.76324277823834,2.00453888970141,2.83228758479825,2.3858292012826,1.67292453409745,-3.57517252850336
GDP growth (annual %),NY.GDP.MKTP.KD.ZG,Africa Western and Central,AFW,6.43720769340636,3.61165749165893,5.00487452978042,5.2726115159056,5.83138306551704,5.83353865817513,2.73516597936518,-0.00199453228658797,2.16374751689739,2.83153886525223,3.14748170905487,-0.97892219199511
GDP growth (annual %),NY.GDP.MKTP.KD.ZG,Arab World,ARB,13.0654376027021,6.76591820553072,3.79060497963737,6.644510412809,3.36266381852732,2.59597454596268,3.39540704104731,3.38584154568807,1.00561093678581,2.13653768035668,1.52417592512558,-4.99953420147953
GDP growth (annual %),NY.GDP.MKTP.KD.ZG,Caribbean small states,CSS,0.941880811798626,3.69875681806984,1.13925724635924,1.31293282427218,0.803820660027725,0.498435932428094,0.861440451768686,-1.0444825807005,0.279422444485377,1.89932387081471,0.668412750146487,-7.99313323744315
GDP growth (annual %),NY.GDP.MKTP.KD.ZG,Central Europe and the Baltics,CEB,..,3.88989649318752,3.06013917392676,0.593654030432106,1.20293176845333,2.96262416820082,4.05754584510841,3.09540571544721,4.87978485131299,4.50699268137464,3.79294031403975,-4.05887387098393
GDP growth (annual %),NY.GDP.MKTP.KD.ZG,Early-demographic dividend,EAR,5.82179938661729,4.49280369143665,4.97643747800271,4.24333387259273,4.29836417348267,4.00479586908395,4.61543391639765,4.80470140371352,4.64426083724933,3.60828689158042,2.16157070780909,-4.81188748646943
GDP growth (annual %),NY.GDP.MKTP.KD.ZG,East Asia & Pacific,EAS,5.0980618402133,4.89819108153542,4.60934940352567,4.69561370305833,4.76887660208432,4.19054498716933,4.19870895654253,4.09489683923725,4.76568782432818,4.18542537268432,3.60913481935195,..
GDP growth (annual %),NY.GDP.MKTP.KD.ZG,East Asia & Pacific (excluding high income),EAP,5.40771753084344,7.49786476493075,8.46545156729381,7.51708172516419,7.2001968891698,6.87688766266621,6.61538069292737,6.47844201822565,6.6397548422177,6.4528117341079,5.69308613072081,1.04327790481314
GDP growth (annual %),NY.GDP.MKTP.KD.ZG,East Asia & Pacific (IDA & IBRD countries),TEA,5.40771753084344,7.49786476493077,8.46603573207021,7.51776578967242,7.20069274479545,6.8773066380688,6.61555165705541,6.4786942450787,6.64011804481954,6.45289354805432,5.69315574041246,1.04327790481315
GDP growth (annual %),NY.GDP.MKTP.KD.ZG,Euro area,EMU,3.58464687507534,3.86817410442259,1.65557386768505,-0.897749490075057,-0.249918087532293,1.38636108445344,2.0481075688282,1.85594605412194,2.58559759763644,1.86916745131336,1.27852327018709,-6.68410169113353
GDP growth (annual %),NY.GDP.MKTP.KD.ZG,Europe & Central Asia,ECS,2.32210952399572,4.28791681461058,2.36105290848036,0.312411454712077,0.910571649926851,1.84505672717054,2.05132417598489,1.88270837674087,2.79860310152399,2.16487168256371,1.57995990038448,-5.68255808794308
GDP growth (annual %),NY.GDP.MKTP.KD.ZG,Europe & Central Asia (excluding high income),ECA,-1.42681712404726,8.05859115720551,6.07209576380994,3.86147090951026,4.03274889750189,2.21050109356359,0.958377115108291,1.72088079761423,4.1568712670941,3.17523207955281,2.20376451092599,-1.51520425320611
GDP growth (annual %),NY.GDP.MKTP.KD.ZG,Europe & Central Asia (IDA & IBRD countries),TEC,-1.42681712404723,7.43743440415467,5.79643792522621,3.43456777482159,3.59672135129516,2.32002807743044,1.39064963136516,1.92908412489435,4.23493059819042,3.45667125456647,2.52589377996814,-1.77490650296603
GDP growth (annual %),NY.GDP.MKTP.KD.ZG,European Union,EUU,3.37085747619388,3.90402875324946,1.8053156360393,-0.757380349249104,-0.055255263341806,1.56714716827673,2.30445055781408,2.00405249491044,2.79624160223419,2.10816576449604,1.54865417413998,-6.21683962554302
GDP growth (annual %),NY.GDP.MKTP.KD.ZG,Fragile and conflict affected situations,FCS,10.183352750476,5.24482620294498,0.592145943204514,7.91715350157168,4.01732668551895,1.3984351807044,2.23573059655548,2.6120730240402,2.17931099093387,2.40070142838536,2.1676987809099,-5.79908128909578
GDP growth (annual %),NY.GDP.MKTP.KD.ZG,Heavily indebted poor countries (HIPC),HPC,-0.409266791455494,2.68535314560962,4.79853555262004,5.71810541107645,5.81432243691403,5.98763176422943,4.61861526348322,4.23030929695129,5.08037895560133,4.56306631143583,4.06299890153478,0.267308660527959
GDP growth (annual %),NY.GDP.MKTP.KD.ZG,High income,HIC,3.23873051566214,4.04033848329262,1.83846339972892,1.27793741489384,1.45386741574755,2.05741012529712,2.38977101711673,1.72887263829153,2.39052433741969,2.21594701383509,1.58977909885856,-4.70594565227819
GDP growth (annual %),NY.GDP.MKTP.KD.ZG,IBRD only,IBD,2.00876364721954,5.77486956592867,5.99714663358348,5.05358151328605,4.97127525765097,4.31158560359677,3.93014054032399,4.30843907673899,4.94673550661548,4.5262293113153,3.65516938292252,-2.05740479696581
GDP growth (annual %),NY.GDP.MKTP.KD.ZG,IDA & IBRD total,IBT,2.14942127108797,5.64774945072546,5.90250596165242,5.03048163282091,5.03503923364286,4.41589618094862,3.92736379056416,4.23055487809245,4.90049190507924,4.52810412619216,3.65516465624056,-1.96555583245643
GDP growth (annual %),NY.GDP.MKTP.KD.ZG,IDA blend,IDB,6.65543043110218,3.78048248001367,4.80778558928039,4.6044699251937,5.72732265837728,5.94168372421207,3.73380095824206,1.46414083139288,2.71945049620589,3.47588586565504,2.30607940468954,-1.09265698230764
GDP growth (annual %),NY.GDP.MKTP.KD.ZG,IDA only,IDX,1.0843823558545,3.88094191215276,4.31343597644526,4.79011129189453,6.18458832811189,5.87882652847074,4.04198353980642,4.81543609807413,5.71949464329651,5.56237302750165,4.911849536292,-0.253354271540772
GDP growth (annual %),NY.GDP.MKTP.KD.ZG,IDA total,IDA,4.02879285526913,3.83010077330216,4.55885498823298,4.69762217132205,5.95697488175546,5.91004718300256,3.88886605025584,3.14558688508799,4.24903151309459,4.55469249301204,3.65509703513183,-0.653062869066915
GDP growth (annual %),NY.GDP.MKTP.KD.ZG,Late-demographic dividend,LTE,0.211116564399646,6.77105524707795,6.70044232620617,5.40556255126181,5.21939655540325,4.65993399203253,3.99028986679366,3.80829736124826,4.88036768298397,5.04436455321353,4.36342681473367,-0.27381186812265
GDP growth (annual %),NY.GDP.MKTP.KD.ZG,Latin America & Caribbean,LCN,0.347371579356576,3.78810188597596,4.36947353850405,2.77957652028211,2.7846524773762,1.00460126467294,0.0898030303154087,-0.389471441796616,1.7837553361785,1.76074604818545,0.951874194659837,-6.3067799444098
GDP growth (annual %),NY.GDP.MKTP.KD.ZG,Latin America & Caribbean (excluding high income),LAC,0.342396119489592,3.77433227354469,4.42934933575039,2.73778621080419,2.79155424983084,0.99724087708033,-0.0187265399993066,-0.49206719887988,1.9236360385741,1.77756111342681,0.954725830436047,-6.34018939169182
GDP growth (annual %),NY.GDP.MKTP.KD.ZG,Latin America & the Caribbean (IDA & IBRD countries),TLA,0.48379984432141,3.7751699488163,4.50449592113277,2.84508552653384,2.85927751694392,1.04259359404,0.0455563496687574,-0.397547333775123,1.86480695625524,1.85127506974545,0.957483057456201,-6.31571163170264
GDP growth (annual %),NY.GDP.MKTP.KD.ZG,Least developed countries: UN classification,LDC,0.488564554860176,4.09848127958814,4.00040214580437,4.86109255290954,5.96580598409184,5.95120492028467,3.58248257939782,3.91263261411787,4.89902446315315,4.81688574807025,4.33897061969174,-0.555864449848443
GDP growth (annual %),NY.GDP.MKTP.KD.ZG,Low & middle income,LMY,2.11391849275833,5.70594331259467,5.94502770512753,5.13411737755183,5.14248767110293,4.47229331605624,3.95147274321208,4.28626064447172,4.94454841188259,4.5250472019144,3.66187163272001,-1.8925973321076
GDP growth (annual %),NY.GDP.MKTP.KD.ZG,Low income,LIC,-1.78313957623682,2.88529736492811,2.31101416609749,2.65248202697484,6.17538246522751,5.93163385041009,1.90070791811425,3.63941073384264,4.42993160070073,4.53077263091306,4.11202137187325,0.916680720982612
GDP growth (annual %),NY.GDP.MKTP.KD.ZG,Lower middle income,LMC,4.81067847513752,4.45574703518008,4.83491588742902,4.07540796728536,5.04956911363897,5.57882477588929,4.98027475068112,6.07510258808672,5.18621894689973,4.45919293666034,3.32287973329863,-4.14298053133088
GDP growth (annual %),NY.GDP.MKTP.KD.ZG,Middle East & North Africa,MEA,13.7053783568506,6.74873770524908,3.73730597925275,3.90779171678111,2.79809767005355,2.92891817671803,2.55765901997987,4.93293305140025,1.60383525971372,0.894609163812817,0.488504618557357,-3.66447736287618
GDP growth (annual %),NY.GDP.MKTP.KD.ZG,Middle East & North Africa (excluding high income),MNA,12.9080876547994,6.30897460080386,-0.938525829496058,2.80300331547083,1.72104393412621,2.04622830353607,1.03623648660478,7.66305048339288,3.0091015378992,-0.467232050898943,-0.381377084850826,-3.63615772214099
GDP growth (annual %),NY.GDP.MKTP.KD.ZG,Middle East & North Africa (IDA & IBRD countries),TMN,12.9080876547994,6.43241891497068,-1.01617681091568,2.77613534857504,1.69596855831584,2.06533823858921,1.01346355228549,7.65258638904835,3.02310192084774,-0.481921126394184,-0.396938618316597,-3.56513883454531
GDP growth (annual %),NY.GDP.MKTP.KD.ZG,Middle income,MIC,2.16545123413864,5.74385863709874,5.99880419577332,5.16936475623986,5.12816826025315,4.45186039563346,3.98109363581942,4.29521802628882,4.95162985991557,4.52496880807362,3.65598603205525,-1.92964412212119
GDP growth (annual %),NY.GDP.MKTP.KD.ZG,North America,NAC,1.88500808838414,4.19824269971036,1.70407509983048,2.19858369375321,1.88921218426674,2.55780532679883,2.83550729332036,1.6418599488053,2.40118704839365,2.94045219253474,2.13175618844768,-3.67053612482012
GDP growth (annual %),NY.GDP.MKTP.KD.ZG,Not classified,INX,..,..,..,..,..,..,..,..,..,..,..,..
GDP growth (annual %),NY.GDP.MKTP.KD.ZG,OECD members,OED,3.18220018867822,3.99587540596936,1.83507203406543,1.28494275207412,1.51565031496099,2.0846703054755,2.48214307512136,1.75694698163605,2.54646809340815,2.23983669563621,1.57662526505651,-4.69244503608047
GDP growth (annual %),NY.GDP.MKTP.KD.ZG,Other small states,OSS,..,..,7.52506549982277,3.62562725744129,3.7364591737886,3.76745727336323,3.19775955348437,2.72151737126822,0.746545408769833,1.91598815088783,1.73945887947269,-5.26297908693259
GDP growth (annual %),NY.GDP.MKTP.KD.ZG,Pacific island small states,PSS,3.91549444832744,-1.13833960811711,3.81951884842844,0.739770986472791,3.21225751174296,3.61393236221946,3.65394910139334,3.75906506545583,4.31575996081175,2.8595580936552,0.780680115501056,-13.0281068551281
GDP growth (annual %),NY.GDP.MKTP.KD.ZG,Post-demographic dividend,PST,2.94143025856847,3.93321013037959,1.58108950610875,1.12729286389042,1.3547531279867,1.90276011724318,2.16741109940743,1.66874875195073,2.40128521292802,2.13732930439765,1.52679556418829,-4.92351001015275
GDP growth (annual %),NY.GDP.MKTP.KD.ZG,Pre-demographic dividend,PRE,9.7354853576892,5.89317581664761,4.6672102240875,5.74297411932116,6.07134311149969,5.07020395043271,3.27648886265941,2.76123100661887,1.73966976585898,2.15507940392732,2.98483398502655,-2.48561950138698
GDP growth (annual %),NY.GDP.MKTP.KD.ZG,Small states,SST,..,..,6.3588162668055,3.1969425798865,3.25556525834934,3.2511052158179,2.84800694567934,2.17407191316774,0.739953385859309,1.93035307916433,1.56739647568091,-5.77503979886946
GDP growth (annual %),NY.GDP.MKTP.KD.ZG,South Asia,SAS,5.42887328414947,4.06056937639197,5.13755241941693,5.49939379466173,6.08303599726661,6.99283585916164,7.48537582429489,7.77738677188371,6.62858434107689,6.44349636889874,4.02490038356906,-6.58176817926581
GDP growth (annual %),NY.GDP.MKTP.KD.ZG,South Asia (IDA & IBRD),TSA,5.42887328414947,4.06056937639197,5.13755241941693,5.49939379466173,6.08303599726661,6.99283585916164,7.48537582429489,7.77738677188371,6.62858434107689,6.44349636889874,4.02490038356906,-6.58176817926581
GDP growth (annual %),NY.GDP.MKTP.KD.ZG,Sub-Saharan Africa,SSF,2.3707832448918,3.48539636129588,4.5388923311063,4.09830226894334,5.05114358767034,4.8401024820956,2.75105767173824,1.12982596022925,2.54411101531092,2.57724129218752,2.30774987333089,-2.44826235686895
GDP growth (annual %),NY.GDP.MKTP.KD.ZG,Sub-Saharan Africa (excluding high income),SSA,2.367251544605,3.48737905202515,4.53654192653472,4.10036034092025,5.0504613833133,4.84034123894436,2.74950591723197,1.12732611909937,2.54239635410825,2.57820311986521,2.30832417144839,-2.44201936551806
GDP growth (annual %),NY.GDP.MKTP.KD.ZG,Sub-Saharan Africa (IDA & IBRD countries),TSS,2.37078324489171,3.48539636129586,4.53889233110634,4.09830226894326,5.05114358767034,4.84010248209552,2.75105767173831,1.12982596022933,2.54411101531085,2.57724129218751,2.30774987333086,-2.44826235686892
GDP growth (annual %),NY.GDP.MKTP.KD.ZG,Upper middle income,UMC,1.22393395056073,6.20540172584853,6.39611566876275,5.53732436341264,5.15423939005657,4.07842137121747,3.63746879247968,3.67517320914723,4.86801610225544,4.54848420635633,3.77497247970831,-1.1380438121579
GDP growth (annual %),NY.GDP.MKTP.KD.ZG,World,WLD,2.97835776813666,4.42422574053832,3.1246426734419,2.51866108855201,2.6709567861724,2.8734009778567,2.91977619070434,2.60531627847753,3.28015468324165,3.03325477956935,2.33365187034093,-3.59534865718084
,,,,,,,,,,,,,,,
,,,,,,,,,,,,,,,
,,,,,,,,,,,,,,,
Data from database: World Development Indicators,,,,,,,,,,,,,,,
Last Updated: 06/30/2021,,,,,,,,,,,,,,,
